Array Size,Seed,S Value,Runtime (s),Comparisons
1000,42,1,0.006067299999813258,8683
1000,42,2,0.002304300000105286,8683
1000,42,3,0.00219809999998688,8684
1000,42,4,0.0016448999995191116,8757
1000,42,5,0.0016845999998622574,8757
1000,42,6,0.0018198000007032533,8757
1000,42,7,0.0013382999995883438,8803
1000,42,8,0.0014935999997760518,9131
1000,42,9,0.0012409000000843662,9131
1000,42,10,0.0015327000000979751,9131
1000,42,11,0.0012320999994699378,9131
1000,42,12,0.0012231000000610948,9131
1000,42,13,0.001266100000066217,9131
1000,42,14,0.001227699999617471,9131
1000,42,15,0.0015321999999287073,9470
1000,42,16,0.0012945999997100444,10372
1000,42,17,0.0012697000001935521,10372
1000,42,18,0.0012436000006346148,10372
1000,42,19,0.0012941999993927311,10372
1000,42,20,0.0012739000003421097,10372
1000,42,21,0.0012476000001697685,10372
1000,42,22,0.001241699999809498,10372
1000,42,23,0.001245500000550237,10372
1000,42,24,0.001570700000229408,10372
1000,42,25,0.001448799999707262,10372
1000,42,26,0.001554999999825668,10372
1000,42,27,0.001261299999896437,10372
1000,42,28,0.0014651999999841792,10372
1000,42,29,0.0013423999998849467,10372
1000,42,30,0.0012546999996629893,10372
1000,43,1,0.0019362000002729474,8701
1000,43,2,0.00188479999997071,8701
1000,43,3,0.0015325000003940659,8706
1000,43,4,0.0013310999993336736,8749
1000,43,5,0.0013385000002017478,8749
1000,43,6,0.0018196000000898493,8749
1000,43,7,0.0015969999994922546,8793
1000,43,8,0.0012262999998711166,9111
1000,43,9,0.0012096000000383356,9111
1000,43,10,0.0014685999994981103,9111
1000,43,11,0.0013594000001830864,9111
1000,43,12,0.0012784000000465312,9111
1000,43,13,0.0012408000002324115,9111
1000,43,14,0.001357799999823328,9111
1000,43,15,0.0016089000000647502,9442
1000,43,16,0.001360499999464082,10175
1000,43,17,0.0013668000001416658,10175
1000,43,18,0.0012159999996583792,10175
1000,43,19,0.0016415999998571351,10175
1000,43,20,0.001486500000282831,10175
1000,43,21,0.0014394999998330604,10175
1000,43,22,0.001295100000788807,10175
1000,43,23,0.0014764999996259576,10175
1000,43,24,0.0012665000003835303,10175
1000,43,25,0.0013644999999087304,10175
1000,43,26,0.0013917000005676528,10175
1000,43,27,0.0012864999998782878,10175
1000,43,28,0.001712500000394357,10175
1000,43,29,0.0013715000004594913,10175
1000,43,30,0.001214399999298621,10175
1000,44,1,0.002054800000223622,8720
1000,44,2,0.0017656999998507672,8720
1000,44,3,0.0015376999999716645,8723
1000,44,4,0.0014378000005308422,8784
1000,44,5,0.0014823000001342734,8784
1000,44,6,0.00139969999963796,8784
1000,44,7,0.0013679000003321562,8844
1000,44,8,0.0012661999999181717,9181
1000,44,9,0.0012326999994911603,9181
1000,44,10,0.0014573000007658266,9181
1000,44,11,0.0013252000007923925,9181
1000,44,12,0.0013459000001603272,9181
1000,44,13,0.0012899000003017136,9181
1000,44,14,0.0013642000003528665,9181
1000,44,15,0.0013791999999739346,9524
1000,44,16,0.0013619999999718857,10335
1000,44,17,0.001217299999552779,10335
1000,44,18,0.0012144000002081157,10335
1000,44,19,0.0015339000001404202,10335
1000,44,20,0.001237500000570435,10335
1000,44,21,0.001208300000143936,10335
1000,44,22,0.0012163000001237378,10335
1000,44,23,0.0012113000002500485,10335
1000,44,24,0.0013227999997980078,10335
1000,44,25,0.0012214999997013365,10335
1000,44,26,0.0012108000000807806,10335
1000,44,27,0.0012250999998286716,10335
1000,44,28,0.0012643000000025495,10335
1000,44,29,0.0013853000000381144,10335
1000,44,30,0.001230300000315765,10335
1000,45,1,0.002074400000310561,8734
1000,45,2,0.0019519999996191473,8734
1000,45,3,0.0016347000000678236,8734
1000,45,4,0.0015032999999675667,8796
1000,45,5,0.0016636999998809188,8796
1000,45,6,0.001512199999524455,8796
1000,45,7,0.0013158000001567416,8824
1000,45,8,0.001200300000164134,9082
1000,45,9,0.0012140000008002971,9082
1000,45,10,0.0012440000000424334,9082
1000,45,11,0.001440099999854283,9082
1000,45,12,0.0012891999995190417,9082
1000,45,13,0.0012255999999979394,9082
1000,45,14,0.0012054999997417326,9082
1000,45,15,0.0014896999991833582,9448
1000,45,16,0.001257199999599834,10137
1000,45,17,0.0012565000006361515,10137
1000,45,18,0.0012417999996614526,10137
1000,45,19,0.0011965000003328896,10137
1000,45,20,0.0013801999994029757,10137
1000,45,21,0.0012870000000475557,10137
1000,45,22,0.0011933999994653277,10137
1000,45,23,0.0011904000002687098,10137
1000,45,24,0.0013519000003725523,10137
1000,45,25,0.0014863000005789218,10137
1000,45,26,0.0013554999995903927,10137
1000,45,27,0.001224799999363313,10137
1000,45,28,0.0012071000001014909,10137
1000,45,29,0.001442200000383309,10137
1000,45,30,0.001350800000182062,10137
1000,46,1,0.001984499999707623,8697
1000,46,2,0.0016005999996195897,8697
1000,46,3,0.0019865999993271544,8695
1000,46,4,0.0014375999999174383,8774
1000,46,5,0.0012940000005983165,8774
1000,46,6,0.0012904000004709815,8774
1000,46,7,0.0017308000005868962,8853
1000,46,8,0.0013263999999253429,9173
1000,46,9,0.0012124000004405389,9173
1000,46,10,0.0012290000004213653,9173
1000,46,11,0.0014512000007016468,9173
1000,46,12,0.0013203999997131177,9173
1000,46,13,0.001467199999751756,9173
1000,46,14,0.0013216999996075174,9173
1000,46,15,0.0013795999993817532,9575
1000,46,16,0.0016129000005093985,10295
1000,46,17,0.0012667000000874395,10295
1000,46,18,0.0012250999998286716,10295
1000,46,19,0.0012212000001454726,10295
1000,46,20,0.0012996999994356884,10295
1000,46,21,0.0012819000003219116,10295
1000,46,22,0.0012094000003344263,10295
1000,46,23,0.0012130999994042213,10295
1000,46,24,0.0012295000005906331,10295
1000,46,25,0.0014000000001033186,10295
1000,46,26,0.001255499999388121,10295
1000,46,27,0.001292500000090513,10295
1000,46,28,0.0013828000001012697,10295
1000,46,29,0.001352000000224507,10295
1000,46,30,0.0013914999999542488,10295
5000,42,1,0.012088499999663327,55263
5000,42,2,0.010846799999853829,55263
5000,42,3,0.009578399999554676,55245
5000,42,4,0.008938199999647622,55271
5000,42,5,0.008482300000650866,55836
5000,42,6,0.008659000000079686,55836
5000,42,7,0.009281900000132737,55836
5000,42,8,0.010246100000586011,55836
5000,42,9,0.009402399999999034,56344
5000,42,10,0.00833039999997709,58718
5000,42,11,0.007868400000006659,58718
5000,42,12,0.008268600000519655,58718
5000,42,13,0.008377900000596128,58718
5000,42,14,0.008364999999685097,58718
5000,42,15,0.008597199999712757,58718
5000,42,16,0.008786000000327476,58718
5000,42,17,0.007997300000170071,58718
5000,42,18,0.008374500000172702,58718
5000,42,19,0.008074800000031246,62341
5000,42,20,0.008127699999931792,66724
5000,42,21,0.009218600000167498,66724
5000,42,22,0.008615800000370655,66724
5000,42,23,0.009405100000549282,66724
5000,42,24,0.008515099999385711,66724
5000,42,25,0.008646899999803281,66724
5000,42,26,0.00861330000043381,66724
5000,42,27,0.008036999999603722,66724
5000,42,28,0.009008799999719486,66724
5000,42,29,0.008326199999828532,66724
5000,42,30,0.008481199999550881,66724
5000,43,1,0.011529000000336964,55247
5000,43,2,0.009747199999765144,55247
5000,43,3,0.00942289999966306,55248
5000,43,4,0.008806699999695411,55277
5000,43,5,0.009194700000080047,55775
5000,43,6,0.008700099999259692,55775
5000,43,7,0.008425699999861536,55775
5000,43,8,0.008116099999824655,55775
5000,43,9,0.008145799999510928,56270
5000,43,10,0.008119799999803945,58605
5000,43,11,0.007911099999546423,58605
5000,43,12,0.007937399999718764,58605
5000,43,13,0.008127899999635702,58605
5000,43,14,0.007965299999341369,58605
5000,43,15,0.007880500000283064,58605
5000,43,16,0.008262300000751566,58605
5000,43,17,0.007950100000016391,58605
5000,43,18,0.0080604000004314,58605
5000,43,19,0.008871500000168453,61992
5000,43,20,0.00875369999994291,66779
5000,43,21,0.008444199999757984,66779
5000,43,22,0.008535699999811186,66779
5000,43,23,0.008239200000389246,66779
5000,43,24,0.008995400000458176,66779
5000,43,25,0.008416399999987334,66779
5000,43,26,0.008533299999726296,66779
5000,43,27,0.008823600000141596,66779
5000,43,28,0.008611299999756739,66779
5000,43,29,0.008766900000409805,66779
5000,43,30,0.008520299999872805,66779
5000,44,1,0.013007599999582453,55287
5000,44,2,0.009985699999560893,55287
5000,44,3,0.009149599999545899,55272
5000,44,4,0.009201800000482763,55295
5000,44,5,0.008320699999785575,55810
5000,44,6,0.008223800000450865,55810
5000,44,7,0.008769500000198605,55810
5000,44,8,0.010146999999960826,55810
5000,44,9,0.008194000000003143,56299
5000,44,10,0.008227899999837973,58505
5000,44,11,0.008366299999579496,58505
5000,44,12,0.008352599999852828,58505
5000,44,13,0.008163899999999558,58505
5000,44,14,0.007814099999450264,58505
5000,44,15,0.008281000000351924,58505
5000,44,16,0.007926499999484804,58505
5000,44,17,0.00844390000020212,58505
5000,44,18,0.00908889999936946,58505
5000,44,19,0.011711099999956787,62113
5000,44,20,0.009572100000696082,66673
5000,44,21,0.008960099999967497,66673
5000,44,22,0.009184900000036578,66673
5000,44,23,0.009493499999734922,66673
5000,44,24,0.008433300000433519,66673
5000,44,25,0.008605600000009872,66673
5000,44,26,0.00862680000045657,66673
5000,44,27,0.009079800000108662,66673
5000,44,28,0.008075400000052468,66673
5000,44,29,0.008545900000171969,66673
5000,44,30,0.009022100000038336,66673
5000,45,1,0.01341469999988476,55259
5000,45,2,0.010882300000048417,55259
5000,45,3,0.009766799999852083,55272
5000,45,4,0.009317499999269785,55296
5000,45,5,0.008703200000127254,55754
5000,45,6,0.0082685000006677,55754
5000,45,7,0.008311599999615282,55754
5000,45,8,0.00852519999989454,55754
5000,45,9,0.008018800000172632,56195
5000,45,10,0.007737799999631534,58375
5000,45,11,0.008381999999983236,58375
5000,45,12,0.007800999999744818,58375
5000,45,13,0.007993100000021514,58375
5000,45,14,0.010273200000483484,58375
5000,45,15,0.007887400000072375,58375
5000,45,16,0.0082711000004565,58375
5000,45,17,0.0079541999994035,58375
5000,45,18,0.008057900000494556,58375
5000,45,19,0.008341400000063004,61961
5000,45,20,0.009135500000411412,66769
5000,45,21,0.008322399999997288,66769
5000,45,22,0.008324499999616819,66769
5000,45,23,0.00816209999993589,66769
5000,45,24,0.009240399999725923,66769
5000,45,25,0.008522000000084518,66769
5000,45,26,0.009248000000297907,66769
5000,45,27,0.009040899999490648,66769
5000,45,28,0.008605199999692559,66769
5000,45,29,0.008792900000116788,66769
5000,45,30,0.009383500000694767,66769
5000,46,1,0.0118518999997832,55224
5000,46,2,0.009859900000265043,55224
5000,46,3,0.009324999999989814,55238
5000,46,4,0.009810900000047695,55266
5000,46,5,0.008659699999952863,55730
5000,46,6,0.008201699999517587,55730
5000,46,7,0.008995000000140863,55730
5000,46,8,0.0083639000004041,55730
5000,46,9,0.008399199999985285,56260
5000,46,10,0.007921499999611115,58552
5000,46,11,0.007851299999856565,58552
5000,46,12,0.007810899999640242,58552
5000,46,13,0.008309400000143796,58552
5000,46,14,0.007802500000252621,58552
5000,46,15,0.008057799999733106,58552
5000,46,16,0.008500599999933911,58552
5000,46,17,0.007819800000106625,58552
5000,46,18,0.008199200000490237,58552
5000,46,19,0.008089399999335,62006
5000,46,20,0.008638000000246393,66462
5000,46,21,0.008845800000017334,66462
5000,46,22,0.0086555000007138,66462
5000,46,23,0.008975499999905878,66462
5000,46,24,0.008549300000595395,66462
5000,46,25,0.008150599999680708,66462
5000,46,26,0.008645799999612791,66462
5000,46,27,0.008524100000613544,66462
5000,46,28,0.009547799999381823,66462
5000,46,29,0.008353100000022096,66462
5000,46,30,0.008736499999940861,66462
10000,42,1,0.02524569999968662,120519
10000,42,2,0.02123059999939869,120519
10000,42,3,0.020714999999654538,120527
10000,42,4,0.020385100000567036,120592
10000,42,5,0.018633699999554665,121530
10000,42,6,0.018365300000368734,121530
10000,42,7,0.018396999999822583,121530
10000,42,8,0.018066800000269723,121530
10000,42,9,0.01811210000050778,122652
10000,42,10,0.017141599999376922,127086
10000,42,11,0.01972569999998086,127086
10000,42,12,0.01777380000021367,127086
10000,42,13,0.017671299999165058,127086
10000,42,14,0.01819549999981973,127086
10000,42,15,0.020805099999961385,127086
10000,42,16,0.022483599999759463,127086
10000,42,17,0.019344399999681627,127086
10000,42,18,0.022642699999778415,127086
10000,42,19,0.024729199999455886,134390
10000,42,20,0.018649999999979627,143537
10000,42,21,0.018437799999446725,143537
10000,42,22,0.019128200000523066,143537
10000,42,23,0.019129099999190657,143537
10000,42,24,0.020202400000016496,143537
10000,42,25,0.019215999999687483,143537
10000,42,26,0.01862780000010389,143537
10000,42,27,0.01987840000037977,143537
10000,42,28,0.020499500000369153,143537
10000,42,29,0.018382000000201515,143537
10000,42,30,0.018740800000159652,143537
10000,43,1,0.026512200000070152,120568
10000,43,2,0.022514999999657448,120568
10000,43,3,0.021107499999743595,120595
10000,43,4,0.020295700000133365,120637
10000,43,5,0.01816069999949832,121781
10000,43,6,0.019403700000111712,121781
10000,43,7,0.02295140000023821,121781
10000,43,8,0.021842600000127277,121781
10000,43,9,0.01889160000064294,122777
10000,43,10,0.018748499999674095,127436
10000,43,11,0.01770539999961329,127436
10000,43,12,0.017494499999884283,127436
10000,43,13,0.017375000000356522,127436
10000,43,14,0.01820300000053976,127436
10000,43,15,0.019018900000446592,127436
10000,43,16,0.01794990000053076,127436
10000,43,17,0.018077800000355637,127436
10000,43,18,0.019604399999479938,127436
10000,43,19,0.019247299999733514,134450
10000,43,20,0.023622100000466162,144006
10000,43,21,0.02438550000078976,144006
10000,43,22,0.022747800000615825,144006
10000,43,23,0.02476900000056048,144006
10000,43,24,0.019970599999396654,144006
10000,43,25,0.02003450000029261,144006
10000,43,26,0.020431999999345862,144006
10000,43,27,0.021420900000521215,144006
10000,43,28,0.01861269999972137,144006
10000,43,29,0.01938519999930577,144006
10000,43,30,0.019079499999861582,144006
10000,44,1,0.024632499999825086,120404
10000,44,2,0.025139800000033574,120404
10000,44,3,0.02443459999994957,120403
10000,44,4,0.02478999999948428,120443
10000,44,5,0.022840399999950023,121397
10000,44,6,0.018571299999166513,121397
10000,44,7,0.01831510000010894,121397
10000,44,8,0.019788900000094145,121397
10000,44,9,0.01890370000000985,122376
10000,44,10,0.0180103999991843,126714
10000,44,11,0.018146500000511878,126714
10000,44,12,0.017894300000079966,126714
10000,44,13,0.018015700000432844,126714
10000,44,14,0.018383700000413228,126714
10000,44,15,0.019695399999363872,126714
10000,44,16,0.01742180000019289,126714
10000,44,17,0.01912330000050133,126714
10000,44,18,0.01765490000070713,126714
10000,44,19,0.017975099999603117,133854
10000,44,20,0.018969799999467796,143299
10000,44,21,0.01878020000003744,143299
10000,44,22,0.02033610000034969,143299
10000,44,23,0.019269500000518747,143299
10000,44,24,0.019993800000520423,143299
10000,44,25,0.018744400000286987,143299
10000,44,26,0.019925799999327864,143299
10000,44,27,0.019456999999420077,143299
10000,44,28,0.019509499999912805,143299
10000,44,29,0.0197440000001734,143299
10000,44,30,0.018584000000373635,143299
10000,45,1,0.027238199999374046,120510
10000,45,2,0.021764799999800744,120510
10000,45,3,0.022538299999723677,120522
10000,45,4,0.022090299999945273,120571
10000,45,5,0.01994349999949918,121490
10000,45,6,0.01913330000024871,121490
10000,45,7,0.01831560000027821,121490
10000,45,8,0.01967289999993227,121490
10000,45,9,0.018076399999699788,122517
10000,45,10,0.017012500000419095,127092
10000,45,11,0.01765720000003057,127092
10000,45,12,0.018567900000562076,127092
10000,45,13,0.01776519999930315,127092
10000,45,14,0.01995459999943705,127092
10000,45,15,0.017653900000368594,127092
10000,45,16,0.017200500000399188,127092
10000,45,17,0.017216000000189524,127092
10000,45,18,0.017511100000774604,127092
10000,45,19,0.017700000000331784,134323
10000,45,20,0.018360799999754818,143814
10000,45,21,0.018664900000658236,143814
10000,45,22,0.018162399999710033,143814
10000,45,23,0.019209999999475258,143814
10000,45,24,0.01829360000010638,143814
10000,45,25,0.019218600000385777,143814
10000,45,26,0.0178410000007716,143814
10000,45,27,0.018315999999686028,143814
10000,45,28,0.020451800000046205,143814
10000,45,29,0.018875300000217976,143814
10000,45,30,0.01844749999963824,143814
10000,46,1,0.025025400000231457,120493
10000,46,2,0.021680500000002212,120493
10000,46,3,0.022095700000136276,120438
10000,46,4,0.020609599999261263,120493
10000,46,5,0.01877890000014304,121521
10000,46,6,0.01952679999976681,121521
10000,46,7,0.019789699999819277,121521
10000,46,8,0.019300799999655283,121521
10000,46,9,0.01995309999983874,122550
10000,46,10,0.019246400000156427,127019
10000,46,11,0.018609200000355486,127019
10000,46,12,0.018249899999318586,127019
10000,46,13,0.0183167000004687,127019
10000,46,14,0.017339900000479247,127019
10000,46,15,0.018776799999614013,127019
10000,46,16,0.01980009999988397,127019
10000,46,17,0.01987210000061168,127019
10000,46,18,0.018654699999387958,127019
10000,46,19,0.019976800000222283,134282
10000,46,20,0.019823599999654107,143507
10000,46,21,0.01915980000012496,143507
10000,46,22,0.01934819999951287,143507
10000,46,23,0.01881000000048516,143507
10000,46,24,0.018422400000417838,143507
10000,46,25,0.018393499999547203,143507
10000,46,26,0.01810659999955533,143507
10000,46,27,0.018458999999893422,143507
10000,46,28,0.018384599999990314,143507
10000,46,29,0.017983100000492414,143507
10000,46,30,0.018087299999933748,143507
50000,42,1,0.14878760000010516,718086
50000,42,2,0.13006880000011734,718086
50000,42,3,0.11944210000001476,718162
50000,42,4,0.11966219999976602,718337
50000,42,5,0.11696440000014263,718337
50000,42,6,0.11618730000009236,727224
50000,42,7,0.11418870000034076,728911
50000,42,8,0.11238759999923786,728911
50000,42,9,0.10842109999975946,728911
50000,42,10,0.11019510000005539,728911
50000,42,11,0.11972449999939272,728911
50000,42,12,0.12379999999939173,759953
50000,42,13,0.10926440000002913,769759
50000,42,14,0.12182520000078512,769759
50000,42,15,0.13222449999921082,769759
50000,42,16,0.12745600000016566,769759
50000,42,17,0.12003249999997934,769759
50000,42,18,0.12092399999983172,769759
50000,42,19,0.11447379999935947,769759
50000,42,20,0.13287249999939377,769759
50000,42,21,0.13378319999992527,769759
50000,42,22,0.11276129999987461,769759
50000,42,23,0.12325429999964399,769759
50000,42,24,0.12394840000069962,833077
50000,42,25,0.12238930000057735,880240
50000,42,26,0.13970570000037696,880240
50000,42,27,0.1349436999998943,880240
50000,42,28,0.12519460000021354,880240
50000,42,29,0.14368760000070324,880240
50000,42,30,0.1304193000005398,880240
50000,43,1,0.1613723000000391,718058
50000,43,2,0.13866690000031667,718058
50000,43,3,0.119339900000341,718099
50000,43,4,0.11934689999998227,718257
50000,43,5,0.11943129999963276,718257
50000,43,6,0.10881919999974343,726943
50000,43,7,0.11240680000082648,728513
50000,43,8,0.10905600000023696,728513
50000,43,9,0.1100390999999945,728513
50000,43,10,0.11088420000032784,728513
50000,43,11,0.11074759999974049,728513
50000,43,12,0.10702470000069297,759114
50000,43,13,0.11273639999944862,768954
50000,43,14,0.10799839999981486,768954
50000,43,15,0.1081597000002148,768954
50000,43,16,0.10678009999992355,768954
50000,43,17,0.10590440000032686,768954
50000,43,18,0.10760400000071968,768954
50000,43,19,0.10883910000029573,768954
50000,43,20,0.10630129999935889,768954
50000,43,21,0.10576300000047922,768954
50000,43,22,0.10670719999961875,768954
50000,43,23,0.11004010000033304,768954
50000,43,24,0.12651310000001104,832005
50000,43,25,0.1259725999998409,881550
50000,43,26,0.11717200000020966,881550
50000,43,27,0.11254149999967922,881550
50000,43,28,0.1137062000007063,881550
50000,43,29,0.11046469999928377,881550
50000,43,30,0.11363239999991492,881550
50000,44,1,0.1456466999998156,718175
50000,44,2,0.1377011999993556,718175
50000,44,3,0.12601700000050187,718252
50000,44,4,0.11382959999991726,718496
50000,44,5,0.11296889999994164,718496
50000,44,6,0.10898339999948803,727353
50000,44,7,0.11203109999951266,728922
50000,44,8,0.10490139999910753,728922
50000,44,9,0.10509480000018812,728922
50000,44,10,0.11169369999970513,728922
50000,44,11,0.12151779999931023,728922
50000,44,12,0.11028199999964272,759183
50000,44,13,0.10629619999963325,769043
50000,44,14,0.10666820000005828,769043
50000,44,15,0.1052614000000176,769043
50000,44,16,0.10626880000017991,769043
50000,44,17,0.10651429999961692,769043
50000,44,18,0.10466999999971449,769043
50000,44,19,0.10822759999973641,769043
50000,44,20,0.1107719999999972,769043
50000,44,21,0.10626169999977719,769043
50000,44,22,0.12084959999992861,769043
50000,44,23,0.11072919999969599,769043
50000,44,24,0.10874169999988226,830641
50000,44,25,0.1170259000000442,880029
50000,44,26,0.11109940000005736,880029
50000,44,27,0.11441759999979695,880029
50000,44,28,0.11667020000004413,880029
50000,44,29,0.11305030000039551,880029
50000,44,30,0.11373399999956746,880029
50000,45,1,0.155616199999713,717996
50000,45,2,0.13021610000032524,717996
50000,45,3,0.11379579999993439,718013
50000,45,4,0.11603469999954541,718162
50000,45,5,0.11375020000014047,718162
50000,45,6,0.10730179999973188,727021
50000,45,7,0.1121636000007129,728742
50000,45,8,0.10567660000015167,728742
50000,45,9,0.10646700000052078,728742
50000,45,10,0.10393890000068495,728742
50000,45,11,0.10819189999983791,728742
50000,45,12,0.10886089999985415,759631
50000,45,13,0.10549480000008771,769602
50000,45,14,0.10885920000055194,769602
50000,45,15,0.10725160000038159,769602
50000,45,16,0.10774390000005951,769602
50000,45,17,0.10597800000050484,769602
50000,45,18,0.10740120000082243,769602
50000,45,19,0.10330689999955212,769602
50000,45,20,0.10861969999950816,769602
50000,45,21,0.11240560000078403,769602
50000,45,22,0.10700339999948483,769602
50000,45,23,0.11011839999991935,769602
50000,45,24,0.11476760000005015,832455
50000,45,25,0.12406689999988885,881168
50000,45,26,0.1211914000004981,881168
50000,45,27,0.13148110000020097,881168
50000,45,28,0.11200209999969957,881168
50000,45,29,0.11399290000008477,881168
50000,45,30,0.11550889999944047,881168
50000,46,1,0.14329350000025443,718113
50000,46,2,0.13250939999943512,718113
50000,46,3,0.1160823000000164,718145
50000,46,4,0.11745340000015858,718292
50000,46,5,0.11229559999992489,718292
50000,46,6,0.10548829999970621,727226
50000,46,7,0.1107893000007607,728792
50000,46,8,0.11038729999927455,728792
50000,46,9,0.11386679999941407,728792
50000,46,10,0.10806419999971695,728792
50000,46,11,0.11361949999991339,728792
50000,46,12,0.10444180000013148,759618
50000,46,13,0.11116339999989577,769343
50000,46,14,0.11022510000020702,769343
50000,46,15,0.11037920000035228,769343
50000,46,16,0.11202809999940655,769343
50000,46,17,0.11320549999982177,769343
50000,46,18,0.11260510000010981,769343
50000,46,19,0.10594630000014149,769343
50000,46,20,0.10888669999985723,769343
50000,46,21,0.1041546999995262,769343
50000,46,22,0.11639219999960915,769343
50000,46,23,0.11639690000083647,769343
50000,46,24,0.11739760000000388,832292
50000,46,25,0.11971189999985654,881298
50000,46,26,0.12308599999960279,881298
50000,46,27,0.1286232000002201,881298
50000,46,28,0.1447784000001775,881298
50000,46,29,0.14631920000010723,881298
50000,46,30,0.13827690000016446,881298
100000,42,1,0.3818437999998423,1536220
100000,42,2,0.2853165999995326,1536220
100000,42,3,0.2747118999996019,1536367
100000,42,4,0.27429489999940415,1536818
100000,42,5,0.26319280000006984,1536818
100000,42,6,0.2505150000006324,1554633
100000,42,7,0.2766587999994954,1557996
100000,42,8,0.2819486999997025,1557996
100000,42,9,0.2963585999996212,1557996
100000,42,10,0.2563755000001038,1557996
100000,42,11,0.2335080000002563,1557996
100000,42,12,0.2439367000006314,1619724
100000,42,13,0.25564699999995355,1639957
100000,42,14,0.27015579999988404,1639957
100000,42,15,0.2841816000000108,1639957
100000,42,16,0.2511385000007067,1639957
100000,42,17,0.2568559000001187,1639957
100000,42,18,0.3195700999995097,1639957
100000,42,19,0.2561769000003551,1639957
100000,42,20,0.277253400000518,1639957
100000,42,21,0.2685129000001325,1639957
100000,42,22,0.26904819999981555,1639957
100000,42,23,0.28535250000004453,1639957
100000,42,24,0.276628200000232,1765138
100000,42,25,0.2593544999999722,1863655
100000,42,26,0.25927800000044954,1863655
100000,42,27,0.2737536000004184,1863655
100000,42,28,0.2837461999997686,1863655
100000,42,29,0.26694510000015725,1863655
100000,42,30,0.2833524999996371,1863655
100000,43,1,0.35307100000045466,1536217
100000,43,2,0.30978589999995165,1536217
100000,43,3,0.2835793999993257,1536340
100000,43,4,0.2742993000001661,1536752
100000,43,5,0.2680209999998624,1536752
100000,43,6,0.292598299999554,1554472
100000,43,7,0.2973841999992146,1557624
100000,43,8,0.24172160000034637,1557624
100000,43,9,0.2685474999998405,1557624
100000,43,10,0.24911650000012742,1557624
100000,43,11,0.25262579999980517,1557624
100000,43,12,0.2951522000003024,1618597
100000,43,13,0.25596690000020317,1638249
100000,43,14,0.24684309999975085,1638249
100000,43,15,0.2560587999996642,1638249
100000,43,16,0.24122179999994842,1638249
100000,43,17,0.23402900000019144,1638249
100000,43,18,0.24019179999959306,1638249
100000,43,19,0.23399960000006104,1638249
100000,43,20,0.23383240000021033,1638249
100000,43,21,0.2334011000002647,1638249
100000,43,22,0.24274610000065877,1638249
100000,43,23,0.24730749999980617,1638249
100000,43,24,0.23808849999932136,1763184
100000,43,25,0.25722270000005665,1859619
100000,43,26,0.25598059999992984,1859619
100000,43,27,0.27938949999952456,1859619
100000,43,28,0.31007709999994404,1859619
100000,43,29,0.25699600000007194,1859619
100000,43,30,0.2719805999995515,1859619
100000,44,1,0.32597009999972215,1536301
100000,44,2,0.3349084000001312,1536301
100000,44,3,0.2844311999997444,1536232
100000,44,4,0.25742389999959414,1536640
100000,44,5,0.24850190000051953,1536640
100000,44,6,0.2435218000000532,1554752
100000,44,7,0.2676572999998825,1558030
100000,44,8,0.2547303000001193,1558030
100000,44,9,0.2351395000005141,1558030
100000,44,10,0.23957379999956174,1558030
100000,44,11,0.23823800000081974,1558030
100000,44,12,0.23540630000024976,1619881
100000,44,13,0.2318425000003117,1639651
100000,44,14,0.24704239999937272,1639651
100000,44,15,0.23210829999970883,1639651
100000,44,16,0.25014959999953135,1639651
100000,44,17,0.25093329999981506,1639651
100000,44,18,0.24830699999984063,1639651
100000,44,19,0.23309319999953004,1639651
100000,44,20,0.23501959999975952,1639651
100000,44,21,0.23135460000048624,1639651
100000,44,22,0.24209650000011607,1639651
100000,44,23,0.2509931000004144,1639651
100000,44,24,0.24134010000034323,1766083
100000,44,25,0.2439167999991696,1862567
100000,44,26,0.24350370000047405,1862567
100000,44,27,0.24532189999990806,1862567
100000,44,28,0.24322899999970105,1862567
100000,44,29,0.24285380000037549,1862567
100000,44,30,0.24743709999984276,1862567
100000,45,1,0.31557990000055725,1536130
100000,45,2,0.31112389999998413,1536130
100000,45,3,0.2644909999999072,1536190
100000,45,4,0.25651939999988826,1536590
100000,45,5,0.2685707000000548,1536590
100000,45,6,0.26159310000002733,1554689
100000,45,7,0.24282380000022386,1557912
100000,45,8,0.24233399999957328,1557912
100000,45,9,0.23715769999944314,1557912
100000,45,10,0.23329159999957483,1557912
100000,45,11,0.23550579999937327,1557912
100000,45,12,0.22843809999994846,1619811
100000,45,13,0.24903380000068864,1639289
100000,45,14,0.23059920000014245,1639289
100000,45,15,0.2276995000001989,1639289
100000,45,16,0.2267028999995091,1639289
100000,45,17,0.22904430000016873,1639289
100000,45,18,0.23548590000063996,1639289
100000,45,19,0.22870489999968413,1639289
100000,45,20,0.22556689999964874,1639289
100000,45,21,0.2305359000001772,1639289
100000,45,22,0.2295659000001251,1639289
100000,45,23,0.2299550999996427,1639289
100000,45,24,0.25147300000026007,1764656
100000,45,25,0.24377029999959632,1862221
100000,45,26,0.2472233000007691,1862221
100000,45,27,0.25022570000055566,1862221
100000,45,28,0.26864889999978914,1862221
100000,45,29,0.24922779999997147,1862221
100000,45,30,0.29298910000034084,1862221
100000,46,1,0.315338200000042,1536643
100000,46,2,0.27788929999951506,1536643
100000,46,3,0.25718200000028446,1536581
100000,46,4,0.26505679999991116,1536997
100000,46,5,0.25055370000063704,1536997
100000,46,6,0.24580200000036712,1555300
100000,46,7,0.24126580000029207,1558597
100000,46,8,0.23641950000001088,1558597
100000,46,9,0.2331810999994559,1558597
100000,46,10,0.23721410000052856,1558597
100000,46,11,0.23142149999966932,1558597
100000,46,12,0.23078199999963545,1620438
100000,46,13,0.22936029999982566,1640057
100000,46,14,0.23197110000000976,1640057
100000,46,15,0.2369994000000588,1640057
100000,46,16,0.23255560000052355,1640057
100000,46,17,0.22526529999959166,1640057
100000,46,18,0.23329699999976583,1640057
100000,46,19,0.2350429999996777,1640057
100000,46,20,0.2300769000003129,1640057
100000,46,21,0.23005519999969692,1640057
100000,46,22,0.2318806000002951,1640057
100000,46,23,0.23308520000045974,1640057
100000,46,24,0.24132129999998142,1766014
100000,46,25,0.2585529999996652,1862949
100000,46,26,0.2503249000001233,1862949
100000,46,27,0.26133419999951,1862949
100000,46,28,0.2522892999995747,1862949
100000,46,29,0.2446866999998747,1862949
100000,46,30,0.2627566000001025,1862949
500000,42,1,1.8543758000005255,8837392
500000,42,2,1.6239438000002338,8837392
500000,42,3,1.617011399999683,8837349
500000,42,4,1.4938958999991883,8864025
500000,42,5,1.537128500000108,8864025
500000,42,6,1.5189235999996527,8864025
500000,42,7,1.474518199999693,8910726
500000,42,8,1.4620469000001322,9037029
500000,42,9,1.4472249000000375,9037029
500000,42,10,1.4538748999993913,9037029
500000,42,11,1.434785099999317,9037029
500000,42,12,1.43674159999955,9037029
500000,42,13,1.4577555000005304,9037029
500000,42,14,1.4409717000007731,9037029
500000,42,15,1.4866126999995686,9444437
500000,42,16,1.4387444000003597,9613186
500000,42,17,1.468847299999652,9613186
500000,42,18,1.4406675000000178,9613186
500000,42,19,1.456358800000089,9613186
500000,42,20,1.4983657000002495,9613186
500000,42,21,1.4728379999996832,9613186
500000,42,22,1.4811190000000352,9613186
500000,42,23,1.438749099999768,9613186
500000,42,24,1.455971899999895,9613186
500000,42,25,1.4319982999995773,9613186
500000,42,26,1.4682938999994803,9613186
500000,42,27,1.46533189999991,9613186
500000,42,28,1.464578099999926,9613186
500000,42,29,1.5030105999994703,9613186
500000,42,30,1.4959614999997939,10303597
500000,43,1,1.8410474999991493,8837181
500000,43,2,1.5880766000000222,8837181
500000,43,3,1.5928100999999515,8836977
500000,43,4,1.5336458000001585,8863596
500000,43,5,1.4879750000000058,8863596
500000,43,6,1.5150121000006038,8863596
500000,43,7,1.5052449000004344,8910419
500000,43,8,1.4217403000002378,9035713
500000,43,9,1.4356726999994862,9035713
500000,43,10,1.4155107000005955,9035713
500000,43,11,1.4438755000001038,9035713
500000,43,12,1.4415625000001455,9035713
500000,43,13,1.412958200000503,9035713
500000,43,14,1.4843739999996615,9035713
500000,43,15,1.4360697999991316,9441867
500000,43,16,1.469085499999892,9609907
500000,43,17,1.4316979999994146,9609907
500000,43,18,1.492938000000322,9609907
500000,43,19,1.4436308999993344,9609907
500000,43,20,1.4518557999999757,9609907
500000,43,21,1.4441325000007055,9609907
500000,43,22,1.4400096999997913,9609907
500000,43,23,1.429160700000466,9609907
500000,43,24,1.4432447999997748,9609907
500000,43,25,1.4417504000002737,9609907
500000,43,26,1.4387003000001641,9609907
500000,43,27,1.4321294000001217,9609907
500000,43,28,1.4609188000003996,9609907
500000,43,29,1.4465319999999338,9609907
500000,43,30,1.486570500000198,10298431
500000,44,1,1.8078041000007943,8837057
500000,44,2,1.6373113999998168,8837057
500000,44,3,1.5984354000001986,8837030
500000,44,4,1.489838000000418,8864227
500000,44,5,1.5116256999999678,8864227
500000,44,6,1.5346095000004425,8864227
500000,44,7,1.4537844999995286,8911430
500000,44,8,1.4816628999997192,9037504
500000,44,9,1.517606300000807,9037504
500000,44,10,1.4251526999996713,9037504
500000,44,11,1.4583902000003945,9037504
500000,44,12,1.492503399999805,9037504
500000,44,13,1.470703300000423,9037504
500000,44,14,1.4648262999999133,9037504
500000,44,15,1.4914501000002929,9446413
500000,44,16,1.4897406999998566,9614835
500000,44,17,1.4620043000004443,9614835
500000,44,18,1.4954455999995844,9614835
500000,44,19,1.4797289999996792,9614835
500000,44,20,1.4726043999999092,9614835
500000,44,21,1.4640380999999252,9614835
500000,44,22,1.4821861000000354,9614835
500000,44,23,1.4716865000000325,9614835
500000,44,24,1.4421722999995836,9614835
500000,44,25,1.4342212999999902,9614835
500000,44,26,1.491796099999192,9614835
500000,44,27,1.5236750999993092,9614835
500000,44,28,1.5072616999996171,9614835
500000,44,29,1.6759562000006554,9614835
500000,44,30,1.583136999999624,10302730
500000,45,1,1.8113510000002861,8837954
500000,45,2,1.739408800000092,8837954
500000,45,3,1.822183500000392,8837884
500000,45,4,1.7622371999996176,8864603
500000,45,5,1.643090000000484,8864603
500000,45,6,1.5439010000000053,8864603
500000,45,7,1.523587900000166,8910935
500000,45,8,1.5191931999997905,9037539
500000,45,9,1.4673978000000716,9037539
500000,45,10,1.609226900000067,9037539
500000,45,11,1.4264842000002318,9037539
500000,45,12,1.5327792999996745,9037539
500000,45,13,1.4421368000002985,9037539
500000,45,14,1.6277475999995659,9037539
500000,45,15,1.666842199999337,9443189
500000,45,16,1.6266979999991236,9612561
500000,45,17,1.6861985000005006,9612561
500000,45,18,1.7543754999996963,9612561
500000,45,19,1.6909530000002633,9612561
500000,45,20,1.5983788999992612,9612561
500000,45,21,1.5225516000000425,9612561
500000,45,22,1.4875858000004882,9612561
500000,45,23,1.474270400000023,9612561
500000,45,24,1.448858900000232,9612561
500000,45,25,1.5013864000002286,9612561
500000,45,26,1.4720010000000912,9612561
500000,45,27,1.4831074000003355,9612561
500000,45,28,1.5046505000000252,9612561
500000,45,29,1.4386101000000053,9612561
500000,45,30,1.4903457999998864,10297839
500000,46,1,1.8426481000005879,8837267
500000,46,2,1.5955939000004946,8837267
500000,46,3,1.5820163999997021,8837437
500000,46,4,1.4756186999993588,8863848
500000,46,5,1.5663557999996556,8863848
500000,46,6,1.4778716000000713,8863848
500000,46,7,1.4613030000000435,8910407
500000,46,8,1.464777199999844,9037216
500000,46,9,1.4986907000002248,9037216
500000,46,10,1.4660570999994889,9037216
500000,46,11,1.4615671999999904,9037216
500000,46,12,1.4399658000002091,9037216
500000,46,13,1.4309315000000424,9037216
500000,46,14,1.4038071000004493,9037216
500000,46,15,1.466196399999717,9443343
500000,46,16,1.4480278999999427,9610418
500000,46,17,1.4674582000006922,9610418
500000,46,18,1.4584785999995802,9610418
500000,46,19,1.4380326000000423,9610418
500000,46,20,1.4362537999995766,9610418
500000,46,21,1.449436500000047,9610418
500000,46,22,1.5099946000000273,9610418
500000,46,23,1.4367395999997825,9610418
500000,46,24,1.4369383000002927,9610418
500000,46,25,1.43432010000015,9610418
500000,46,26,1.4595362000000023,9610418
500000,46,27,1.4537312999991627,9610418
500000,46,28,1.4568504000008033,9610418
500000,46,29,1.480159900000217,9610418
500000,46,30,1.5106692999997904,10297868
1000000,42,1,3.8659089000002496,18675113
1000000,42,2,3.5642385000001013,18675113
1000000,42,3,3.5244643000005453,18675163
1000000,42,4,3.288198599999305,18727684
1000000,42,5,3.2199747999993633,18727684
1000000,42,6,3.3673908000000665,18727684
1000000,42,7,3.206923299999289,18821026
1000000,42,8,3.12387949999993,19071200
1000000,42,9,3.221044200000506,19071200
1000000,42,10,3.153366200000164,19071200
1000000,42,11,3.1521685999996407,19071200
1000000,42,12,3.157070499999463,19071200
1000000,42,13,3.1972626999995555,19071200
1000000,42,14,3.195434100000057,19071200
1000000,42,15,3.203311500000382,19883252
1000000,42,16,3.161417899999833,20218942
1000000,42,17,3.208026399999653,20218942
1000000,42,18,3.1763780999999653,20218942
1000000,42,19,3.2172719000000143,20218942
1000000,42,20,3.16147219999948,20218942
1000000,42,21,3.5443420999999944,20218942
1000000,42,22,3.589802499999678,20218942
1000000,42,23,3.214355699999942,20218942
1000000,42,24,3.1563820999999734,20218942
1000000,42,25,3.220303199999762,20218942
1000000,42,26,3.1806022999999186,20218942
1000000,42,27,3.2273321000002397,20218942
1000000,42,28,3.2123465000004217,20218942
1000000,42,29,3.1863041999995403,20218942
1000000,42,30,3.300664599999436,21593021
1000000,43,1,3.913877500000126,18673798
1000000,43,2,3.465799800000241,18673798
1000000,43,3,3.451541399999769,18673854
1000000,43,4,3.2484294999994745,18727631
1000000,43,5,3.2621893000005002,18727631
1000000,43,6,3.2956067999994048,18727631
1000000,43,7,3.2996519999996963,18820466
1000000,43,8,3.170921300000373,19071946
1000000,43,9,3.185363200000211,19071946
1000000,43,10,3.1379385000000184,19071946
1000000,43,11,3.1581617000001643,19071946
1000000,43,12,3.125545400000192,19071946
1000000,43,13,3.198955100000603,19071946
1000000,43,14,3.1524349000001166,19071946
1000000,43,15,3.166243399999985,19887596
1000000,43,16,3.1866627999997945,20224052
1000000,43,17,3.1745724000002156,20224052
1000000,43,18,3.1196641999995336,20224052
1000000,43,19,3.2175363000005746,20224052
1000000,43,20,3.1476831999998467,20224052
1000000,43,21,3.1553214000005028,20224052
1000000,43,22,3.156213100000059,20224052
1000000,43,23,3.1373931999996785,20224052
1000000,43,24,3.137002699999357,20224052
1000000,43,25,3.1595420000003287,20224052
1000000,43,26,3.1645660000003772,20224052
1000000,43,27,3.1375772000001234,20224052
1000000,43,28,3.2072456999994756,20224052
1000000,43,29,3.1705905999997412,20224052
1000000,43,30,3.244568199999776,21596931
1000000,44,1,3.889117599999736,18674025
1000000,44,2,3.4891850000003615,18674025
1000000,44,3,3.5314253999995344,18673927
1000000,44,4,3.2538147000004756,18727894
1000000,44,5,3.2571889999999257,18727894
1000000,44,6,3.264382999999725,18727894
1000000,44,7,3.223027400000319,18821981
1000000,44,8,3.149898900000153,19073446
1000000,44,9,3.1210942999996405,19073446
1000000,44,10,3.121151999999711,19073446
1000000,44,11,3.1698907999998482,19073446
1000000,44,12,3.1668399000000136,19073446
1000000,44,13,3.1601864000003843,19073446
1000000,44,14,3.197247099999913,19073446
1000000,44,15,3.1831763999998657,19888367
1000000,44,16,3.2089842000004865,20225381
1000000,44,17,3.194584599999871,20225381
1000000,44,18,3.1475424999998722,20225381
1000000,44,19,3.171269299999949,20225381
1000000,44,20,3.24425489999976,20225381
1000000,44,21,3.1656600999995135,20225381
1000000,44,22,3.1670068000003084,20225381
1000000,44,23,3.148267399999895,20225381
1000000,44,24,3.2145164000003206,20225381
1000000,44,25,3.2272290999999313,20225381
1000000,44,26,3.1364673000007315,20225381
1000000,44,27,3.174364499999683,20225381
1000000,44,28,3.17340299999978,20225381
1000000,44,29,3.1168751000004704,20225381
1000000,44,30,3.289935499999956,21598516
1000000,45,1,3.896636899999976,18673943
1000000,45,2,3.4883153999999195,18673943
1000000,45,3,3.468260700000428,18673755
1000000,45,4,3.2782351999994717,18727674
1000000,45,5,3.2249690999997256,18727674
1000000,45,6,3.291222900000321,18727674
1000000,45,7,3.2121774000006553,18820911
1000000,45,8,3.1619542999997066,19074024
1000000,45,9,3.1726324000001114,19074024
1000000,45,10,3.133190900000045,19074024
1000000,45,11,3.1346677999999883,19074024
1000000,45,12,3.1955486000006204,19074024
1000000,45,13,3.154475199999979,19074024
1000000,45,14,3.155488499999592,19074024
1000000,45,15,3.184295899999597,19886491
1000000,45,16,4.171588000000156,20220985
1000000,45,17,3.8738012000003437,20220985
1000000,45,18,4.096277700000428,20220985
1000000,45,19,3.288669200000186,20220985
1000000,45,20,3.2987752000008186,20220985
1000000,45,21,3.2855380999999397,20220985
1000000,45,22,3.3002957999997307,20220985
1000000,45,23,3.9985962000000654,20220985
1000000,45,24,3.7833411999999953,20220985
1000000,45,25,3.465104500000052,20220985
1000000,45,26,3.4518011000000115,20220985
1000000,45,27,3.3535351000000446,20220985
1000000,45,28,3.367081600000347,20220985
1000000,45,29,3.4110592000006363,20220985
1000000,45,30,3.469896399999925,21596130
1000000,46,1,4.093479799999841,18674393
1000000,46,2,3.7071847999995953,18674393
1000000,46,3,3.742238499999985,18674553
1000000,46,4,3.467567799999415,18727363
1000000,46,5,3.6017061000002286,18727363
1000000,46,6,4.0454409999993,18727363
1000000,46,7,3.715559199999916,18820267
1000000,46,8,3.6870659000005617,19071269
1000000,46,9,3.6649337999997442,19071269
1000000,46,10,3.939559499999632,19071269
1000000,46,11,3.6277484000002005,19071269
1000000,46,12,3.412117699999726,19071269
1000000,46,13,3.5662302000000636,19071269
1000000,46,14,3.4715041999997993,19071269
1000000,46,15,3.5253917,19882947
1000000,46,16,3.519083199999841,20218874
1000000,46,17,3.5230858000004446,20218874
1000000,46,18,3.4952032999999574,20218874
1000000,46,19,3.5164779999995517,20218874
1000000,46,20,3.572986499999388,20218874
1000000,46,21,3.5353887999999642,20218874
1000000,46,22,3.6987098999998125,20218874
1000000,46,23,3.7318483999997625,20218874
1000000,46,24,3.564297599999918,20218874
1000000,46,25,3.5532005000004574,20218874
1000000,46,26,3.5696691999992254,20218874
1000000,46,27,3.5702656000003117,20218874
1000000,46,28,3.5532548999999563,20218874
1000000,46,29,3.510107699999935,20218874
1000000,46,30,3.618338700000095,21597095
